{"mse": 0.8606040574117416, "r2": 0.1401495220798098, "mae": 0.7383685464701771}