{"mse": 0.8587200454355325, "r2": 0.14203188433943337, "mae": 0.7372452743861813}