{"mse": 0.8598272234526251, "r2": 0.14092567581189874, "mae": 0.7379008508631119}